{
  "project_info": {
    "project_number": "222675315337",
    "project_id": "henfruit-f09e9",
    "storage_bucket": "henfruit-f09e9.firebasestorage.app"
  },
  "client": [
    {
      "client_info": {
        "mobilesdk_app_id": "1:222675315337:android:b5d747a23dde780429b458",
        "android_client_info": {
          "package_name": "com.app.henfruit"
        }
      },
      "oauth_client": [
        {
          "client_id": "222675315337-du6fctoudod3rult9r6ak4tgsar36o1u.apps.googleusercontent.com",
          "client_type": 1,
          "android_info": {
            "package_name": "com.app.henfruit",
            "certificate_hash": "4cb4d51951dac216ad0f70bbf850089a16113a4b"
          }
        },
        {
          "client_id": "222675315337-2mlnvodnjv5kgpvhnb92h3misdln02n0.apps.googleusercontent.com",
          "client_type": 3
        }
      ],
      "api_key": [
        {
          "current_key": "AIzaSyBfpZidjBzQhoyAOVpfyRJuh2l_rhWnbc0"
        }
      ],
      "services": {
        "appinvite_service": {
          "other_platform_oauth_client": [
            {
              "client_id": "222675315337-2mlnvodnjv5kgpvhnb92h3misdln02n0.apps.googleusercontent.com",
              "client_type": 3
            }
          ]
        }
      }
    }
  ],
  "configuration_version": "1"
}